culture_code,otu_97,otu_985
1,OTU_001,OTU985_001
2,OTU_005,OTU985_015
3,OTU_001,OTU985_003
4,OTU_010,OTU985_011
5,OTU_004,OTU985_005
6,OTU_038,OTU985_015
7,OTU_008,OTU985_014
8,OTU_002,OTU985_002
9,OTU_016,OTU985_169
10,OTU_002,OTU985_002
11,OTU_008,OTU985_009
12,OTU_013,OTU985_016
13,OTU_002,OTU985_002
14,OTU_026,OTU985_029
15,OTU_002,OTU985_002
16,OTU_002,OTU985_002
17,OTU_020,OTU985_023
18,OTU_001,OTU985_003
19,OTU_030,OTU985_035
20,OTU_019,OTU985_022
21,OTU_013,OTU985_016
22,OTU_020,OTU985_023
23,OTU_020,OTU985_023
24,OTU_042,OTU985_048
25,OTU_010,OTU985_011
26,OTU_049,OTU985_057
27,OTU_053,OTU985_061
28,OTU_010,OTU985_011
29,OTU_060,OTU985_068
30,OTU_007,OTU985_008
32,OTU_018,OTU985_021
33,OTU_008,OTU985_014
34,OTU_001,OTU985_003
35,OTU_001,OTU985_003
36,OTU_002,OTU985_002
37,OTU_008,OTU985_014
38,OTU_016,OTU985_019
39,OTU_076,OTU985_089
40,OTU_004,OTU985_005
41,OTU_008,OTU985_009
42,OTU_038,OTU985_015
43,OTU_038,OTU985_015
44,OTU_038,OTU985_015
45,OTU_002,OTU985_002
46,OTU_038,OTU985_031
47,OTU_020,OTU985_023
48,OTU_002,OTU985_002
49,OTU_002,OTU985_002
50,OTU_002,OTU985_002
51,OTU_002,OTU985_002
52,OTU_052,OTU985_060
53,OTU_002,OTU985_002
54,OTU_008,OTU985_069
55,OTU_005,OTU985_071
58,OTU_060,OTU985_068
61,OTU_008,OTU985_014
62,OTU_008,OTU985_014
63,OTU_001,OTU985_003
64,OTU_001,OTU985_003
65,OTU_001,OTU985_003
66,OTU_038,OTU985_031
67,OTU_038,OTU985_031
68,OTU_020,OTU985_023
69,OTU_008,OTU985_014
70,OTU_076,OTU985_089
71,OTU_008,OTU985_009
72,OTU_008,OTU985_014
73,OTU_008,OTU985_009
74,OTU_004,OTU985_005
75,OTU_038,OTU985_015
76,OTU_038,OTU985_031
77,OTU_026,OTU985_167
78,OTU_001,OTU985_003
79,OTU_010,OTU985_011
80,OTU_067,OTU985_077
81,OTU_009,OTU985_010
82,OTU_008,OTU985_014
83,OTU_019,OTU985_022
84,OTU_038,OTU985_015
85,OTU_038,OTU985_015
86,OTU_016,OTU985_168
88,OTU_001,OTU985_003
89,OTU_004,OTU985_005
90,OTU_001,OTU985_003
91,OTU_008,OTU985_009
92,OTU_016,OTU985_034
93,OTU_008,OTU985_009
94,OTU_002,OTU985_002
95,OTU_001,OTU985_003
96,OTU_001,OTU985_170
97,OTU_001,OTU985_170
98,OTU_001,OTU985_001
99,OTU_076,OTU985_089
100,OTU_002,OTU985_002
101,OTU_001,OTU985_003
102,OTU_003,OTU985_004
103,OTU_001,OTU985_003
104,OTU_004,OTU985_005
105,OTU_004,OTU985_005
106,OTU_005,OTU985_006
107,OTU_002,OTU985_002
108,OTU_006,OTU985_007
109,OTU_007,OTU985_008
110,OTU_009,OTU985_010
111,OTU_010,OTU985_011
112,OTU_011,OTU985_012
113,OTU_002,OTU985_002
114,OTU_012,OTU985_013
115,OTU_001,OTU985_003
116,OTU_001,OTU985_003
117,OTU_001,OTU985_003
118,OTU_008,OTU985_014
119,OTU_005,OTU985_015
120,OTU_002,OTU985_002
121,OTU_008,OTU985_014
122,OTU_005,OTU985_015
123,OTU_014,OTU985_017
124,OTU_008,OTU985_009
125,OTU_015,OTU985_018
126,OTU_005,OTU985_015
127,OTU_016,OTU985_019
128,OTU_017,OTU985_020
129,OTU_005,OTU985_015
130,OTU_018,OTU985_021
131,OTU_001,OTU985_003
132,OTU_013,OTU985_016
133,OTU_019,OTU985_022
134,OTU_020,OTU985_023
135,OTU_021,OTU985_024
136,OTU_022,OTU985_025
137,OTU_023,OTU985_026
138,OTU_024,OTU985_027
139,OTU_025,OTU985_028
140,OTU_001,OTU985_001
141,OTU_003,OTU985_004
142,OTU_002,OTU985_002
143,OTU_004,OTU985_005
144,OTU_008,OTU985_009
145,OTU_001,OTU985_003
146,OTU_001,OTU985_003
147,OTU_002,OTU985_002
148,OTU_002,OTU985_002
149,OTU_004,OTU985_005
150,OTU_027,OTU985_030
151,OTU_005,OTU985_015
152,OTU_004,OTU985_005
153,OTU_005,OTU985_006
154,OTU_008,OTU985_014
155,OTU_005,OTU985_031
156,OTU_005,OTU985_031
157,OTU_005,OTU985_015
158,OTU_001,OTU985_003
159,OTU_008,OTU985_014
160,OTU_028,OTU985_032
161,OTU_005,OTU985_015
162,OTU_029,OTU985_033
163,OTU_002,OTU985_002
164,OTU_005,OTU985_015
165,OTU_002,OTU985_002
166,OTU_008,OTU985_014
167,OTU_005,OTU985_015
168,OTU_002,OTU985_002
169,OTU_002,OTU985_002
170,OTU_027,OTU985_030
171,OTU_027,OTU985_030
172,OTU_016,OTU985_034
173,OTU_016,OTU985_034
174,OTU_008,OTU985_009
175,OTU_005,OTU985_015
176,OTU_004,OTU985_005
177,OTU_002,OTU985_002
178,OTU_002,OTU985_002
179,OTU_005,OTU985_015
180,OTU_005,OTU985_031
181,OTU_008,OTU985_009
182,OTU_005,OTU985_031
183,OTU_001,OTU985_003
184,OTU_008,OTU985_009
185,OTU_005,OTU985_015
186,OTU_001,OTU985_003
187,OTU_015,OTU985_018
188,OTU_005,OTU985_015
189,OTU_001,OTU985_003
190,OTU_016,OTU985_019
191,OTU_031,OTU985_036
192,OTU_032,OTU985_037
194,OTU_005,OTU985_031
195,OTU_002,OTU985_002
196,OTU_005,OTU985_015
197,OTU_033,OTU985_038
198,OTU_034,OTU985_039
199,OTU_035,OTU985_040
201,OTU_002,OTU985_002
202,OTU_002,OTU985_002
203,OTU_036,OTU985_041
204,OTU_004,OTU985_005
205,OTU_004,OTU985_005
206,OTU_016,OTU985_019
207,OTU_002,OTU985_002
208,OTU_001,OTU985_003
209,OTU_004,OTU985_005
210,OTU_016,OTU985_042
211,OTU_001,OTU985_003
212,OTU_008,OTU985_009
213,OTU_005,OTU985_015
214,OTU_002,OTU985_002
215,OTU_002,OTU985_002
216,OTU_005,OTU985_015
217,OTU_002,OTU985_002
218,OTU_002,OTU985_002
219,OTU_037,OTU985_043
220,OTU_005,OTU985_031
221,OTU_002,OTU985_002
222,OTU_016,OTU985_042
223,OTU_016,OTU985_042
224,OTU_005,OTU985_015
225,OTU_016,OTU985_042
226,OTU_016,OTU985_042
227,OTU_008,OTU985_009
228,OTU_008,OTU985_009
229,OTU_001,OTU985_003
230,OTU_016,OTU985_044
231,OTU_005,OTU985_031
232,OTU_001,OTU985_003
233,OTU_008,OTU985_014
234,OTU_038,OTU985_031
235,OTU_029,OTU985_033
236,OTU_039,OTU985_045
237,OTU_008,OTU985_009
238,OTU_040,OTU985_046
239,OTU_041,OTU985_047
240,OTU_016,OTU985_034
241,OTU_043,OTU985_049
242,OTU_038,OTU985_031
243,OTU_044,OTU985_050
244,OTU_044,OTU985_050
246,OTU_044,OTU985_050
247,OTU_007,OTU985_008
248,OTU_027,OTU985_030
249,OTU_010,OTU985_011
251,OTU_045,OTU985_051
252,OTU_006,OTU985_052
253,OTU_045,OTU985_051
254,OTU_046,OTU985_053
255,OTU_047,OTU985_054
256,OTU_039,OTU985_045
257,OTU_048,OTU985_055
258,OTU_045,OTU985_051
259,OTU_031,OTU985_056
260,OTU_050,OTU985_058
261,OTU_038,OTU985_015
262,OTU_008,OTU985_009
263,OTU_051,OTU985_059
264,OTU_020,OTU985_023
265,OTU_038,OTU985_031
266,OTU_008,OTU985_009
267,OTU_052,OTU985_060
268,OTU_008,OTU985_009
269,OTU_008,OTU985_009
270,OTU_054,OTU985_062
271,OTU_055,OTU985_063
272,OTU_052,OTU985_060
273,OTU_052,OTU985_060
274,OTU_056,OTU985_064
276,OTU_057,OTU985_065
277,OTU_045,OTU985_051
278,OTU_057,OTU985_065
279,OTU_057,OTU985_065
281,OTU_020,OTU985_023
282,OTU_045,OTU985_051
283,OTU_058,OTU985_066
284,OTU_057,OTU985_065
285,OTU_045,OTU985_051
286,OTU_045,OTU985_051
287,OTU_059,OTU985_067
288,OTU_045,OTU985_051
289,OTU_038,OTU985_031
290,OTU_008,OTU985_014
291,OTU_008,OTU985_009
292,OTU_001,OTU985_003
293,OTU_008,OTU985_069
294,OTU_051,OTU985_059
295,OTU_051,OTU985_059
297,OTU_038,OTU985_015
298,OTU_044,OTU985_050
299,OTU_027,OTU985_030
300,OTU_051,OTU985_059
301,OTU_020,OTU985_023
302,OTU_009,OTU985_010
303,OTU_061,OTU985_070
304,OTU_052,OTU985_060
305,OTU_020,OTU985_023
306,OTU_005,OTU985_071
307,OTU_008,OTU985_069
308,OTU_020,OTU985_023
309,OTU_001,OTU985_003
310,OTU_043,OTU985_049
311,OTU_062,OTU985_072
312,OTU_045,OTU985_051
313,OTU_063,OTU985_073
314,OTU_064,OTU985_074
315,OTU_045,OTU985_051
316,OTU_045,OTU985_051
317,OTU_065,OTU985_075
318,OTU_020,OTU985_023
319,OTU_020,OTU985_023
321,OTU_001,OTU985_003
322,OTU_001,OTU985_003
324,OTU_004,OTU985_005
325,OTU_005,OTU985_006
326,OTU_008,OTU985_009
327,OTU_020,OTU985_023
328,OTU_066,OTU985_076
329,OTU_020,OTU985_023
330,OTU_052,OTU985_060
331,OTU_037,OTU985_043
332,OTU_067,OTU985_077
333,OTU_020,OTU985_023
334,OTU_043,OTU985_049
335,OTU_001,OTU985_003
336,OTU_020,OTU985_023
337,OTU_001,OTU985_003
338,OTU_068,OTU985_078
339,OTU_001,OTU985_003
341,OTU_045,OTU985_051
342,OTU_045,OTU985_051
346,OTU_001,OTU985_003
347,OTU_045,OTU985_051
348,OTU_045,OTU985_051
349,OTU_068,OTU985_078
351,OTU_008,OTU985_014
352,OTU_026,OTU985_079
353,OTU_038,OTU985_015
354,OTU_008,OTU985_069
355,OTU_001,OTU985_001
356,OTU_069,OTU985_080
357,OTU_027,OTU985_030
358,OTU_038,OTU985_015
359,OTU_020,OTU985_023
360,OTU_014,OTU985_017
361,OTU_048,OTU985_055
362,OTU_070,OTU985_081
363,OTU_045,OTU985_051
364,OTU_045,OTU985_051
365,OTU_045,OTU985_082
366,OTU_045,OTU985_082
367,OTU_071,OTU985_083
368,OTU_013,OTU985_016
369,OTU_048,OTU985_055
370,OTU_070,OTU985_081
371,OTU_045,OTU985_051
372,OTU_045,OTU985_051
373,OTU_045,OTU985_051
374,OTU_072,OTU985_084
375,OTU_071,OTU985_083
376,OTU_013,OTU985_016
377,OTU_073,OTU985_085
378,OTU_023,OTU985_026
379,OTU_045,OTU985_051
380,OTU_074,OTU985_086
381,OTU_001,OTU985_003
382,OTU_038,OTU985_015
383,OTU_005,OTU985_006
384,OTU_075,OTU985_087
385,OTU_052,OTU985_060
386,OTU_008,OTU985_088
387,OTU_008,OTU985_009
388,OTU_008,OTU985_009
389,OTU_002,OTU985_002
390,OTU_041,OTU985_047
391,OTU_077,OTU985_090
393,OTU_009,OTU985_091
394,OTU_078,OTU985_092
395,OTU_069,OTU985_080
396,OTU_037,OTU985_093
397,OTU_007,OTU985_008
398,OTU_038,OTU985_015
399,OTU_079,OTU985_094
400,OTU_045,OTU985_051
401,OTU_045,OTU985_051
402,OTU_001,OTU985_003
403,OTU_013,OTU985_016
404,OTU_007,OTU985_008
405,OTU_039,OTU985_045
406,OTU_045,OTU985_051
407,OTU_072,OTU985_084
408,OTU_005,OTU985_071
409,OTU_076,OTU985_089
410,OTU_003,OTU985_004
411,OTU_008,OTU985_014
412,OTU_008,OTU985_009
413,OTU_002,OTU985_002
414,OTU_005,OTU985_006
415,OTU_008,OTU985_069
416,OTU_080,OTU985_095
417,OTU_001,OTU985_003
418,OTU_008,OTU985_009
419,OTU_069,OTU985_080
420,OTU_052,OTU985_060
421,OTU_020,OTU985_096
422,OTU_020,OTU985_023
423,OTU_020,OTU985_023
425,OTU_052,OTU985_060
426,OTU_008,OTU985_009
427,OTU_038,OTU985_015
428,OTU_038,OTU985_015
429,OTU_020,OTU985_096
430,OTU_079,OTU985_094
431,OTU_052,OTU985_060
433,OTU_081,OTU985_097
434,OTU_082,OTU985_098
435,OTU_041,OTU985_047
436,OTU_013,OTU985_016
437,OTU_083,OTU985_099
438,OTU_020,OTU985_023
439,OTU_038,OTU985_015
440,OTU_052,OTU985_060
441,OTU_008,OTU985_069
442,OTU_084,OTU985_100
443,OTU_011,OTU985_101
445,OTU_038,OTU985_015
446,OTU_038,OTU985_031
447,OTU_020,OTU985_023
448,OTU_052,OTU985_060
449,OTU_045,OTU985_051
450,OTU_064,OTU985_074
452,OTU_045,OTU985_051
453,OTU_085,OTU985_102
455,OTU_008,OTU985_014
457,OTU_086,OTU985_103
458,OTU_038,OTU985_015
459,OTU_052,OTU985_060
461,OTU_087,OTU985_104
462,OTU_048,OTU985_055
464,OTU_016,OTU985_105
465,OTU_038,OTU985_015
467,OTU_083,OTU985_099
468,OTU_088,OTU985_106
469,OTU_008,OTU985_009
470,OTU_089,OTU985_107
471,OTU_052,OTU985_060
472,OTU_031,OTU985_056
473,OTU_004,OTU985_005
474,OTU_020,OTU985_023
475,OTU_001,OTU985_003
477,OTU_043,OTU985_049
478,OTU_083,OTU985_099
479,OTU_020,OTU985_023
480,OTU_031,OTU985_056
481,OTU_068,OTU985_078
482,OTU_027,OTU985_030
483,OTU_007,OTU985_008
484,OTU_090,OTU985_108
485,OTU_037,OTU985_043
486,OTU_027,OTU985_030
487,OTU_052,OTU985_060
488,OTU_068,OTU985_078
489,OTU_008,OTU985_009
490,OTU_020,OTU985_023
491,OTU_052,OTU985_060
492,OTU_027,OTU985_030
493,OTU_038,OTU985_015
494,OTU_038,OTU985_031
495,OTU_008,OTU985_009
496,OTU_004,OTU985_005
497,OTU_080,OTU985_095
499,OTU_008,OTU985_009
500,OTU_020,OTU985_023
501,OTU_038,OTU985_031
502,OTU_038,OTU985_015
503,OTU_091,OTU985_109
504,OTU_068,OTU985_078
505,OTU_038,OTU985_015
506,OTU_003,OTU985_110
507,OTU_092,OTU985_111
508,OTU_045,OTU985_051
509,OTU_052,OTU985_060
510,OTU_030,OTU985_035
511,OTU_006,OTU985_052
512,OTU_043,OTU985_049
513,OTU_093,OTU985_112
515,OTU_027,OTU985_030
516,OTU_059,OTU985_113
518,OTU_002,OTU985_002
519,OTU_082,OTU985_114
520,OTU_080,OTU985_095
521,OTU_094,OTU985_115
522,OTU_002,OTU985_002
523,OTU_080,OTU985_095
524,OTU_080,OTU985_095
525,OTU_080,OTU985_095
526,OTU_095,OTU985_116
527,OTU_031,OTU985_056
528,OTU_096,OTU985_117
529,OTU_097,OTU985_118
530,OTU_038,OTU985_031
531,OTU_006,OTU985_052
532,OTU_098,OTU985_119
533,OTU_099,OTU985_120
534,OTU_099,OTU985_120
535,OTU_100,OTU985_121
536,OTU_101,OTU985_122
537,OTU_102,OTU985_123
538,OTU_103,OTU985_124
539,OTU_104,OTU985_125
540,OTU_105,OTU985_126
541,OTU_106,OTU985_127
542,OTU_107,OTU985_128
543,OTU_108,OTU985_129
544,OTU_099,OTU985_120
545,OTU_103,OTU985_124
546,OTU_107,OTU985_128
548,OTU_109,OTU985_130
549,OTU_080,OTU985_095
550,OTU_107,OTU985_128
551,OTU_110,OTU985_131
552,OTU_111,OTU985_132
553,OTU_083,OTU985_099
554,OTU_107,OTU985_128
556,OTU_112,OTU985_133
557,OTU_107,OTU985_128
558,OTU_113,OTU985_134
559,OTU_113,OTU985_134
560,OTU_021,OTU985_024
561,OTU_107,OTU985_128
564,OTU_105,OTU985_126
565,OTU_031,OTU985_056
566,OTU_080,OTU985_095
567,OTU_080,OTU985_095
568,OTU_114,OTU985_135
569,OTU_080,OTU985_095
570,OTU_107,OTU985_128
571,OTU_021,OTU985_024
572,OTU_037,OTU985_043
573,OTU_007,OTU985_008
574,OTU_115,OTU985_136
575,OTU_116,OTU985_137
576,OTU_117,OTU985_138
577,OTU_118,OTU985_139
578,OTU_107,OTU985_128
579,OTU_058,OTU985_066
580,OTU_004,OTU985_005
581,OTU_095,OTU985_116
582,OTU_119,OTU985_140
583,OTU_008,OTU985_009
584,OTU_120,OTU985_141
585,OTU_115,OTU985_136
586,OTU_121,OTU985_142
587,OTU_052,OTU985_060
588,OTU_106,OTU985_127
589,OTU_106,OTU985_127
590,OTU_106,OTU985_127
591,OTU_031,OTU985_056
592,OTU_122,OTU985_143
593,OTU_122,OTU985_143
594,OTU_080,OTU985_095
595,OTU_122,OTU985_144
596,OTU_123,OTU985_145
597,OTU_124,OTU985_146
598,OTU_123,OTU985_145
599,OTU_123,OTU985_145
601,OTU_123,OTU985_145
602,OTU_123,OTU985_145
603,OTU_125,OTU985_147
604,OTU_123,OTU985_145
605,OTU_123,OTU985_145
606,OTU_126,OTU985_148
607,OTU_127,OTU985_149
608,OTU_080,OTU985_095
609,OTU_082,OTU985_114
610,OTU_106,OTU985_127
611,OTU_107,OTU985_128
612,OTU_105,OTU985_126
613,OTU_128,OTU985_150
614,OTU_103,OTU985_124
615,OTU_103,OTU985_124
616,OTU_103,OTU985_124
617,OTU_103,OTU985_151
618,OTU_103,OTU985_124
619,OTU_129,OTU985_152
620,OTU_130,OTU985_153
621,OTU_103,OTU985_124
622,OTU_103,OTU985_124
623,OTU_103,OTU985_124
624,OTU_103,OTU985_124
625,OTU_103,OTU985_124
626,OTU_082,OTU985_114
627,OTU_131,OTU985_154
628,OTU_082,OTU985_114
629,OTU_082,OTU985_114
630,OTU_132,OTU985_155
631,OTU_106,OTU985_127
632,OTU_082,OTU985_114
633,OTU_133,OTU985_156
634,OTU_034,OTU985_039
635,OTU_103,OTU985_151
637,OTU_103,OTU985_124
638,OTU_034,OTU985_039
639,OTU_106,OTU985_127
640,OTU_082,OTU985_114
641,OTU_134,OTU985_157
643,OTU_135,OTU985_158
644,OTU_103,OTU985_124
645,OTU_103,OTU985_124
646,OTU_103,OTU985_124
647,OTU_103,OTU985_151
648,OTU_103,OTU985_124
649,OTU_103,OTU985_124
650,OTU_103,OTU985_124
651,OTU_103,OTU985_151
652,OTU_103,OTU985_124
653,OTU_136,OTU985_159
655,OTU_031,OTU985_056
660,OTU_106,OTU985_127
661,OTU_124,OTU985_146
662,OTU_124,OTU985_146
663,OTU_120,OTU985_141
665,OTU_137,OTU985_160
666,OTU_120,OTU985_161
667,OTU_106,OTU985_127
668,OTU_106,OTU985_127
669,OTU_106,OTU985_127
670,OTU_103,OTU985_124
671,OTU_106,OTU985_127
672,OTU_106,OTU985_127
673,OTU_138,OTU985_162
675,OTU_106,OTU985_127
676,OTU_103,OTU985_124
677,OTU_103,OTU985_124
678,OTU_103,OTU985_124
679,OTU_103,OTU985_124
680,OTU_103,OTU985_124
681,OTU_103,OTU985_124
682,OTU_103,OTU985_124
683,OTU_103,OTU985_124
684,OTU_139,OTU985_163
685,OTU_140,OTU985_164
686,OTU_107,OTU985_128
687,OTU_082,OTU985_114
689,OTU_106,OTU985_127
690,OTU_141,OTU985_165
691,OTU_141,OTU985_165
692,OTU_137,OTU985_160
693,OTU_134,OTU985_157
694,OTU_106,OTU985_127
695,OTU_134,OTU985_157
696,OTU_142,OTU985_166
697,OTU_141,OTU985_165
698,OTU_142,OTU985_166
699,OTU_103,OTU985_124
