"s.Branch","s.Trunk","index","stat","p.value","taxon","q.value"
0,1,2,0.9777254914156,0.005,"OTU_103",0.295
0,1,2,0.898717034272917,0.017,"OTU_106",0.5015
0,1,2,0.852012867230258,0.028,"OTU_082",0.550666666666667
0,1,2,0.632455532033676,0.149,"OTU_137",1
0,1,2,0.632455532033676,0.171,"OTU_134",1
1,0,1,0.703210846407743,0.264,"OTU_080",1
0,1,2,0.447213595499958,0.397,"OTU_034",1
0,1,2,0.447213595499958,0.397,"OTU_131",1
0,1,2,0.447213595499958,0.397,"OTU_132",1
0,1,2,0.447213595499958,0.397,"OTU_133",1
0,1,2,0.447213595499958,0.416,"OTU_141",1
0,1,2,0.447213595499958,0.416,"OTU_142",1
0,1,2,0.447213595499958,0.42,"OTU_128",1
0,1,2,0.447213595499958,0.42,"OTU_129",1
0,1,2,0.447213595499958,0.42,"OTU_130",1
0,1,2,0.447213595499958,0.423,"OTU_138",1
0,1,2,0.447213595499958,0.423,"OTU_139",1
0,1,2,0.447213595499958,0.423,"OTU_140",1
0,1,2,0.447213595499958,0.433,"OTU_135",1
0,1,2,0.447213595499958,0.433,"OTU_136",1
1,0,1,0.534522483824849,0.444,"OTU_115",1
1,0,1,0.534522483824849,0.471,"OTU_021",1
1,0,1,0.534522483824849,0.472,"OTU_099",1
1,0,1,0.534522483824849,0.491,"OTU_095",1
1,0,1,0.377964473009227,1,"OTU_006",1
1,0,1,0.377964473009227,1,"OTU_007",1
1,0,1,0.377964473009227,1,"OTU_008",1
1,0,1,0.377964473009227,1,"OTU_038",1
1,0,1,0.377964473009227,1,"OTU_004",1
1,0,1,0.377964473009227,1,"OTU_052",1
1,0,1,0.377964473009227,1,"OTU_058",1
1,0,1,0.377964473009227,1,"OTU_037",1
1,0,1,0.377964473009227,1,"OTU_002",1
1,0,1,0.377964473009227,1,"OTU_083",1
1,0,1,0.377964473009227,1,"OTU_094",1
1,0,1,0.377964473009227,1,"OTU_096",1
1,0,1,0.377964473009227,1,"OTU_097",1
1,0,1,0.377964473009227,1,"OTU_098",1
1,0,1,0.377964473009227,1,"OTU_100",1
1,0,1,0.377964473009227,1,"OTU_101",1
1,0,1,0.377964473009227,1,"OTU_102",1
1,0,1,0.377964473009227,1,"OTU_110",1
1,0,1,0.377964473009227,1,"OTU_111",1
1,0,1,0.377964473009227,1,"OTU_112",1
1,0,1,0.377964473009227,1,"OTU_113",1
1,0,1,0.377964473009227,1,"OTU_119",1
1,0,1,0.377964473009227,1,"OTU_104",1
1,0,1,0.377964473009227,1,"OTU_108",1
1,0,1,0.377964473009227,1,"OTU_109",1
1,0,1,0.377964473009227,1,"OTU_114",1
1,0,1,0.377964473009227,1,"OTU_116",1
1,0,1,0.377964473009227,1,"OTU_117",1
1,0,1,0.377964473009227,1,"OTU_118",1
1,0,1,0.377964473009227,1,"OTU_121",1
1,0,1,0.377964473009227,1,"OTU_122",1
1,0,1,0.377964473009227,1,"OTU_123",1
1,0,1,0.377964473009227,1,"OTU_125",1
1,0,1,0.377964473009227,1,"OTU_126",1
1,0,1,0.377964473009227,1,"OTU_127",1
1,1,3,0.577350269189626,NA,"OTU_031",NA
1,1,3,0.645497224367903,NA,"OTU_107",NA
1,1,3,0.408248290463863,NA,"OTU_120",NA
1,1,3,0.408248290463863,NA,"OTU_124",NA
1,1,3,0.5,NA,"OTU_105",NA
