"s.E","s.N","s.NW","index","stat","p.value","taxon","q.value"
0,1,1,6,1,0.126,"OTU_001",1
0,1,1,6,1,0.126,"OTU_008",1
1,0,0,1,1,0.126,"OTU_037",1
0,0,1,3,0.866025403784439,0.204,"OTU_010",1
0,1,1,6,0.935414346693485,0.287,"OTU_002",1
0,1,1,6,0.935414346693485,0.33,"OTU_004",1
0,1,1,6,0.935414346693485,0.426,"OTU_016",1
0,0,1,3,0.707106781186548,0.552,"OTU_026",1
0,1,0,2,0.707106781186548,0.553,"OTU_027",1
0,1,0,2,0.707106781186548,0.553,"OTU_018",1
0,1,0,2,0.707106781186548,0.555,"OTU_015",1
0,0,1,3,0.707106781186548,0.565,"OTU_007",1
0,0,1,3,0.707106781186548,0.574,"OTU_009",1
0,1,1,6,0.707106781186548,0.9,"OTU_020",1
0,1,1,6,0.612372435695794,0.946,"OTU_038",1
0,0,1,3,0.5,1,"OTU_006",1
0,1,0,2,0.5,1,"OTU_029",1
0,1,0,2,0.5,1,"OTU_031",1
0,1,0,2,0.5,1,"OTU_052",1
0,0,1,3,0.5,1,"OTU_067",1
0,1,1,6,0.5,1,"OTU_013",1
0,1,0,2,0.5,1,"OTU_014",1
0,1,0,2,0.5,1,"OTU_023",1
0,1,1,6,0.5,1,"OTU_003",1
0,1,1,6,0.612372435695794,1,"OTU_076",1
0,0,1,3,0.5,1,"OTU_011",1
0,1,0,2,0.5,1,"OTU_021",1
0,1,1,6,0.612372435695794,1,"OTU_019",1
0,0,1,3,0.5,1,"OTU_030",1
0,0,1,3,0.5,1,"OTU_042",1
0,0,1,3,0.5,1,"OTU_049",1
0,0,1,3,0.5,1,"OTU_053",1
0,1,1,6,0.5,1,"OTU_060",1
0,0,1,3,0.5,1,"OTU_012",1
0,1,0,2,0.5,1,"OTU_017",1
0,1,0,2,0.5,1,"OTU_022",1
0,1,0,2,0.5,1,"OTU_024",1
0,1,0,2,0.5,1,"OTU_025",1
0,1,0,2,0.5,1,"OTU_028",1
0,1,0,2,0.5,1,"OTU_032",1
0,1,0,2,0.5,1,"OTU_033",1
0,1,0,2,0.5,1,"OTU_034",1
0,1,0,2,0.5,1,"OTU_035",1
0,0,1,3,0.5,1,"OTU_036",1
1,1,1,7,0.942809041582063,NA,"OTU_005",NA
