"s.E","s.N","s.NW","s.S","s.W","index","stat","p.value","taxon","q.value"
0,1,1,0,0,10,0.875434051206991,0.003,"OTU_001",0.16
0,0,1,0,0,3,0.817795701209781,0.003,"OTU_016",0.16
0,1,1,0,0,10,0.817775354743279,0.004,"OTU_004",0.16
0,0,1,0,0,3,0.804084401128346,0.007,"OTU_010",0.21
0,1,1,1,0,22,0.825676718547331,0.038,"OTU_005",0.86
0,0,0,1,0,4,0.707106781186548,0.043,"OTU_079",0.86
0,0,1,0,0,3,0.623609564462324,0.064,"OTU_019",0.994285714285714
0,1,1,1,0,22,0.754266311606956,0.074,"OTU_002",0.994285714285714
0,0,0,0,1,5,0.632455532033676,0.098,"OTU_051",0.994285714285714
0,0,1,0,0,3,0.597614304667197,0.132,"OTU_026",0.994285714285714
0,0,0,1,0,4,0.597614304667197,0.136,"OTU_041",0.994285714285714
0,1,1,1,1,30,0.859774985551563,0.164,"OTU_008",0.994285714285714
0,1,0,0,0,2,0.534522483824849,0.172,"OTU_018",0.994285714285714
0,0,0,1,0,4,0.597614304667197,0.181,"OTU_069",0.994285714285714
0,0,1,1,0,13,0.561248608016091,0.189,"OTU_009",0.994285714285714
0,1,0,0,0,2,0.534522483824849,0.196,"OTU_015",0.994285714285714
0,0,1,1,0,13,0.561248608016091,0.213,"OTU_076",0.994285714285714
0,0,1,0,1,14,0.577350269189626,0.232,"OTU_006",0.994285714285714
1,0,0,0,1,9,0.582575265003535,0.243,"OTU_031",0.994285714285714
1,0,0,0,0,1,0.547722557505166,0.283,"OTU_048",0.994285714285714
0,0,1,0,0,3,0.5,0.324,"OTU_012",0.994285714285714
0,0,0,1,0,4,0.5,0.326,"OTU_075",0.994285714285714
0,0,0,1,0,4,0.5,0.326,"OTU_077",0.994285714285714
0,0,0,1,0,4,0.5,0.326,"OTU_078",0.994285714285714
0,0,0,1,0,4,0.5,0.329,"OTU_120",0.994285714285714
0,0,0,1,0,4,0.5,0.329,"OTU_121",0.994285714285714
0,0,1,0,0,3,0.5,0.335,"OTU_036",0.994285714285714
0,0,1,0,0,3,0.5,0.34,"OTU_030",0.994285714285714
0,0,1,0,0,3,0.5,0.34,"OTU_042",0.994285714285714
0,0,1,0,0,3,0.5,0.34,"OTU_049",0.994285714285714
0,0,1,0,0,3,0.5,0.34,"OTU_053",0.994285714285714
0,0,0,1,0,4,0.5,0.348,"OTU_081",0.994285714285714
0,1,0,0,1,12,0.5,0.472,"OTU_043",0.994285714285714
0,0,0,1,1,15,0.471404520791032,0.503,"OTU_039",0.994285714285714
1,1,0,0,1,18,0.54232614454664,0.509,"OTU_027",0.994285714285714
1,0,1,0,0,7,0.471404520791032,0.509,"OTU_011",0.994285714285714
1,0,0,1,0,8,0.522755462212757,0.512,"OTU_037",0.994285714285714
0,0,0,1,1,15,0.471404520791032,0.515,"OTU_095",0.994285714285714
1,0,0,1,0,8,0.471404520791032,0.515,"OTU_115",0.994285714285714
0,0,0,1,1,15,0.471404520791032,0.516,"OTU_082",0.994285714285714
1,0,0,1,0,8,0.471404520791032,0.518,"OTU_072",0.994285714285714
1,0,0,0,1,9,0.447213595499958,0.556,"OTU_083",0.994285714285714
1,0,0,0,1,9,0.447213595499958,0.557,"OTU_058",0.994285714285714
0,0,0,1,0,4,0.458257569495584,0.564,"OTU_106",0.994285714285714
1,0,1,1,0,19,0.528395949267478,0.582,"OTU_013",0.994285714285714
1,0,1,1,1,29,0.52704627669473,0.614,"OTU_007",0.994285714285714
1,1,0,1,1,28,0.617213399848368,0.664,"OTU_052",0.994285714285714
0,1,1,1,0,22,0.447213595499958,0.671,"OTU_003",0.994285714285714
0,0,0,0,1,5,0.447213595499958,0.69,"OTU_040",0.994285714285714
0,0,0,0,1,5,0.447213595499958,0.69,"OTU_046",0.994285714285714
0,0,0,0,1,5,0.447213595499958,0.69,"OTU_047",0.994285714285714
1,0,0,0,0,1,0.447213595499958,0.692,"OTU_122",0.994285714285714
1,0,0,0,0,1,0.447213595499958,0.692,"OTU_123",0.994285714285714
1,0,0,0,0,1,0.447213595499958,0.692,"OTU_124",0.994285714285714
1,0,0,0,0,1,0.447213595499958,0.692,"OTU_125",0.994285714285714
1,0,0,0,0,1,0.447213595499958,0.692,"OTU_126",0.994285714285714
1,0,0,0,0,1,0.447213595499958,0.692,"OTU_127",0.994285714285714
0,0,0,0,1,5,0.447213595499958,0.698,"OTU_100",0.994285714285714
0,0,0,0,1,5,0.447213595499958,0.698,"OTU_101",0.994285714285714
0,0,0,0,1,5,0.447213595499958,0.698,"OTU_102",0.994285714285714
0,0,0,0,1,5,0.447213595499958,0.698,"OTU_110",0.994285714285714
0,0,0,0,1,5,0.447213595499958,0.698,"OTU_111",0.994285714285714
0,0,0,0,1,5,0.447213595499958,0.698,"OTU_112",0.994285714285714
0,0,0,0,1,5,0.447213595499958,0.698,"OTU_113",0.994285714285714
0,0,0,0,1,5,0.447213595499958,0.698,"OTU_119",0.994285714285714
1,0,0,0,0,1,0.447213595499958,0.702,"OTU_084",0.994285714285714
1,0,0,0,0,1,0.447213595499958,0.702,"OTU_085",0.994285714285714
1,0,0,0,0,1,0.447213595499958,0.702,"OTU_086",0.994285714285714
1,0,0,0,0,1,0.447213595499958,0.702,"OTU_087",0.994285714285714
0,0,0,0,1,5,0.447213595499958,0.708,"OTU_050",0.994285714285714
0,0,0,0,1,5,0.447213595499958,0.708,"OTU_054",0.994285714285714
0,0,0,0,1,5,0.447213595499958,0.708,"OTU_055",0.994285714285714
0,0,0,0,1,5,0.447213595499958,0.708,"OTU_056",0.994285714285714
0,0,0,0,1,5,0.447213595499958,0.708,"OTU_057",0.994285714285714
0,0,0,0,1,5,0.447213595499958,0.708,"OTU_059",0.994285714285714
1,0,0,1,1,21,0.515007742573249,0.712,"OTU_080",0.994285714285714
1,1,1,1,0,26,0.640800280898815,0.713,"OTU_020",0.994285714285714
1,0,0,0,0,1,0.447213595499958,0.721,"OTU_114",0.994285714285714
1,0,0,0,0,1,0.447213595499958,0.721,"OTU_116",0.994285714285714
1,0,0,0,0,1,0.447213595499958,0.721,"OTU_117",0.994285714285714
1,0,0,0,0,1,0.447213595499958,0.721,"OTU_118",0.994285714285714
1,1,0,1,1,28,0.577350269189626,0.738,"OTU_045",0.994285714285714
1,0,0,0,0,1,0.447213595499958,0.752,"OTU_070",0.994285714285714
1,0,0,0,0,1,0.447213595499958,0.752,"OTU_071",0.994285714285714
1,0,0,0,0,1,0.447213595499958,0.752,"OTU_073",0.994285714285714
1,0,0,0,0,1,0.447213595499958,0.752,"OTU_074",0.994285714285714
0,0,0,0,1,5,0.447213595499958,0.752,"OTU_094",0.994285714285714
0,0,0,0,1,5,0.447213595499958,0.752,"OTU_096",0.994285714285714
0,0,0,0,1,5,0.447213595499958,0.752,"OTU_097",0.994285714285714
0,0,0,0,1,5,0.447213595499958,0.752,"OTU_098",0.994285714285714
0,1,1,0,0,10,0.426401432711221,0.754,"OTU_067",0.994285714285714
0,1,1,0,0,10,0.426401432711221,0.771,"OTU_060",1
0,1,0,0,1,12,0.408248290463863,1,"OTU_029",1
0,1,0,0,1,12,0.408248290463863,1,"OTU_044",1
0,1,0,0,0,2,0.377964473009227,1,"OTU_061",1
0,1,0,0,0,2,0.377964473009227,1,"OTU_062",1
0,1,0,0,0,2,0.377964473009227,1,"OTU_063",1
1,1,0,0,0,6,0.408248290463863,1,"OTU_064",1
0,1,0,0,0,2,0.377964473009227,1,"OTU_065",1
0,1,0,0,0,2,0.377964473009227,1,"OTU_066",1
0,1,0,0,0,2,0.377964473009227,1,"OTU_068",1
1,1,0,0,0,6,0.408248290463863,1,"OTU_014",1
1,1,0,0,0,6,0.408248290463863,1,"OTU_023",1
0,1,0,0,1,12,0.408248290463863,1,"OTU_099",1
1,1,0,0,1,18,0.420084025208403,1,"OTU_021",1
0,1,0,0,1,12,0.408248290463863,1,"OTU_103",1
1,1,0,0,1,18,0.420084025208403,1,"OTU_107",1
0,1,0,0,0,2,0.377964473009227,1,"OTU_104",1
1,1,0,0,0,6,0.408248290463863,1,"OTU_105",1
0,1,0,0,0,2,0.377964473009227,1,"OTU_108",1
0,1,0,0,0,2,0.377964473009227,1,"OTU_109",1
0,1,0,0,0,2,0.377964473009227,1,"OTU_017",1
0,1,0,0,0,2,0.377964473009227,1,"OTU_022",1
0,1,0,0,0,2,0.377964473009227,1,"OTU_024",1
0,1,0,0,0,2,0.377964473009227,1,"OTU_025",1
0,1,0,0,0,2,0.377964473009227,1,"OTU_028",1
0,1,0,0,0,2,0.377964473009227,1,"OTU_032",1
0,1,0,0,0,2,0.377964473009227,1,"OTU_033",1
0,1,0,0,0,2,0.377964473009227,1,"OTU_034",1
0,1,0,0,0,2,0.377964473009227,1,"OTU_035",1
1,1,1,1,1,31,0.66332495807108,NA,"OTU_038",NA
