"s.Lateral (E/W)","s.Shaded (S)","s.Sun-facing (N)","index","stat","p.value","taxon","q.value"
0,1,1,6,0.864129900165035,0.002,"OTU_001",0.234
0,1,1,6,0.831489073223656,0.012,"OTU_005",0.5265
0,0,1,3,0.7796600170575,0.017,"OTU_004",0.5265
0,1,1,6,0.754378320906602,0.023,"OTU_002",0.5265
0,1,0,2,0.707106781186548,0.025,"OTU_079",0.5265
0,0,1,3,0.741582013857683,0.027,"OTU_016",0.5265
0,1,0,2,0.645497224367903,0.062,"OTU_041",0.989181818181818
0,1,0,2,0.645497224367903,0.076,"OTU_069",0.989181818181818
1,0,0,1,0.547722557505166,0.09,"OTU_048",0.989181818181818
0,1,0,2,0.472200140801518,0.098,"OTU_106",0.989181818181818
0,1,0,2,0.664566642459436,0.123,"OTU_052",0.989181818181818
1,0,0,1,0.57089922571845,0.127,"OTU_031",0.989181818181818
1,0,0,1,0.447213595499958,0.163,"OTU_058",0.989181818181818
0,1,0,2,0.5,0.163,"OTU_075",0.989181818181818
0,1,0,2,0.5,0.163,"OTU_077",0.989181818181818
0,1,0,2,0.5,0.163,"OTU_078",0.989181818181818
0,1,0,2,0.5,0.17,"OTU_120",0.989181818181818
0,1,0,2,0.5,0.17,"OTU_121",0.989181818181818
0,0,1,3,0.522232967867094,0.171,"OTU_019",0.989181818181818
1,0,0,1,0.447213595499958,0.176,"OTU_083",0.989181818181818
0,1,0,2,0.5,0.181,"OTU_081",0.989181818181818
0,1,1,6,0.516397779494322,0.24,"OTU_009",0.989181818181818
0,1,1,6,0.516397779494322,0.264,"OTU_076",0.989181818181818
1,0,0,1,0.447213595499958,0.306,"OTU_051",0.989181818181818
1,1,0,4,0.512784757155782,0.312,"OTU_080",0.989181818181818
0,1,0,2,0.506960891780019,0.329,"OTU_013",0.989181818181818
0,1,1,6,0.447213595499958,0.36,"OTU_003",0.989181818181818
0,0,1,3,0.472807513538459,0.381,"OTU_010",0.989181818181818
0,0,1,3,0.426401432711221,0.476,"OTU_060",0.989181818181818
0,0,1,3,0.426401432711221,0.489,"OTU_018",0.989181818181818
0,0,1,3,0.426401432711221,0.49,"OTU_067",0.989181818181818
0,0,1,3,0.426401432711221,0.513,"OTU_015",0.989181818181818
1,0,0,1,0.316227766016838,0.517,"OTU_122",0.989181818181818
1,0,0,1,0.316227766016838,0.517,"OTU_123",0.989181818181818
1,0,0,1,0.316227766016838,0.517,"OTU_124",0.989181818181818
1,0,0,1,0.316227766016838,0.517,"OTU_125",0.989181818181818
1,0,0,1,0.316227766016838,0.517,"OTU_126",0.989181818181818
1,0,0,1,0.316227766016838,0.517,"OTU_127",0.989181818181818
1,0,0,1,0.316227766016838,0.534,"OTU_040",0.989181818181818
1,0,0,1,0.316227766016838,0.534,"OTU_046",0.989181818181818
1,0,0,1,0.316227766016838,0.534,"OTU_047",0.989181818181818
1,0,0,1,0.316227766016838,0.538,"OTU_084",0.989181818181818
1,0,0,1,0.316227766016838,0.538,"OTU_085",0.989181818181818
1,0,0,1,0.316227766016838,0.538,"OTU_086",0.989181818181818
1,0,0,1,0.316227766016838,0.538,"OTU_087",0.989181818181818
1,0,0,1,0.316227766016838,0.54,"OTU_100",0.989181818181818
1,0,0,1,0.316227766016838,0.54,"OTU_101",0.989181818181818
1,0,0,1,0.316227766016838,0.54,"OTU_102",0.989181818181818
1,0,0,1,0.316227766016838,0.54,"OTU_110",0.989181818181818
1,0,0,1,0.316227766016838,0.54,"OTU_111",0.989181818181818
1,0,0,1,0.316227766016838,0.54,"OTU_112",0.989181818181818
1,0,0,1,0.316227766016838,0.54,"OTU_113",0.989181818181818
1,0,0,1,0.316227766016838,0.54,"OTU_119",0.989181818181818
1,0,0,1,0.316227766016838,0.542,"OTU_050",0.989181818181818
1,0,0,1,0.316227766016838,0.542,"OTU_054",0.989181818181818
1,0,0,1,0.316227766016838,0.542,"OTU_055",0.989181818181818
1,0,0,1,0.316227766016838,0.542,"OTU_056",0.989181818181818
1,0,0,1,0.316227766016838,0.542,"OTU_057",0.989181818181818
1,0,0,1,0.316227766016838,0.542,"OTU_059",0.989181818181818
1,0,0,1,0.316227766016838,0.567,"OTU_114",0.989181818181818
1,0,0,1,0.316227766016838,0.567,"OTU_116",0.989181818181818
1,0,0,1,0.316227766016838,0.567,"OTU_117",0.989181818181818
1,0,0,1,0.316227766016838,0.567,"OTU_118",0.989181818181818
1,0,0,1,0.316227766016838,0.59,"OTU_070",0.989181818181818
1,0,0,1,0.316227766016838,0.59,"OTU_071",0.989181818181818
1,0,0,1,0.316227766016838,0.59,"OTU_073",0.989181818181818
1,0,0,1,0.316227766016838,0.59,"OTU_074",0.989181818181818
1,0,0,1,0.316227766016838,0.602,"OTU_094",0.989181818181818
1,0,0,1,0.316227766016838,0.602,"OTU_096",0.989181818181818
1,0,0,1,0.316227766016838,0.602,"OTU_097",0.989181818181818
1,0,0,1,0.316227766016838,0.602,"OTU_098",0.989181818181818
1,1,0,4,0.534617789608583,0.621,"OTU_045",0.989181818181818
0,1,0,2,0.422577127364258,0.63,"OTU_095",0.989181818181818
0,1,0,2,0.422577127364258,0.646,"OTU_082",0.989181818181818
1,1,0,4,0.377964473009227,0.65,"OTU_039",0.989181818181818
0,1,0,2,0.422577127364258,0.651,"OTU_072",0.989181818181818
0,1,0,2,0.422577127364258,0.651,"OTU_115",0.989181818181818
1,0,1,5,0.487950036474267,0.667,"OTU_027",1
1,0,1,5,0.377964473009227,0.802,"OTU_043",1
1,0,1,5,0.377964473009227,0.807,"OTU_026",1
1,0,1,5,0.377964473009227,0.821,"OTU_006",1
1,1,0,4,0.422221871204476,0.825,"OTU_037",1
1,0,1,5,0.377964473009227,0.825,"OTU_021",1
1,0,1,5,0.377964473009227,0.94,"OTU_107",1
1,0,1,5,0.308606699924184,1,"OTU_029",1
1,0,1,5,0.308606699924184,1,"OTU_044",1
0,0,1,3,0.301511344577764,1,"OTU_061",1
0,0,1,3,0.301511344577764,1,"OTU_062",1
0,0,1,3,0.301511344577764,1,"OTU_063",1
1,0,1,5,0.308606699924184,1,"OTU_064",1
0,0,1,3,0.301511344577764,1,"OTU_065",1
0,0,1,3,0.301511344577764,1,"OTU_066",1
0,0,1,3,0.301511344577764,1,"OTU_068",1
1,0,1,5,0.308606699924184,1,"OTU_014",1
1,0,1,5,0.308606699924184,1,"OTU_023",1
1,0,1,5,0.308606699924184,1,"OTU_011",1
1,0,1,5,0.308606699924184,1,"OTU_099",1
1,0,1,5,0.308606699924184,1,"OTU_103",1
0,0,1,3,0.301511344577764,1,"OTU_104",1
1,0,1,5,0.308606699924184,1,"OTU_105",1
0,0,1,3,0.301511344577764,1,"OTU_108",1
0,0,1,3,0.301511344577764,1,"OTU_109",1
0,0,1,3,0.301511344577764,1,"OTU_030",1
0,0,1,3,0.301511344577764,1,"OTU_042",1
0,0,1,3,0.301511344577764,1,"OTU_049",1
0,0,1,3,0.301511344577764,1,"OTU_053",1
0,0,1,3,0.301511344577764,1,"OTU_012",1
0,0,1,3,0.301511344577764,1,"OTU_017",1
0,0,1,3,0.301511344577764,1,"OTU_022",1
0,0,1,3,0.301511344577764,1,"OTU_024",1
0,0,1,3,0.301511344577764,1,"OTU_025",1
0,0,1,3,0.301511344577764,1,"OTU_028",1
0,0,1,3,0.301511344577764,1,"OTU_032",1
0,0,1,3,0.301511344577764,1,"OTU_033",1
0,0,1,3,0.301511344577764,1,"OTU_034",1
0,0,1,3,0.301511344577764,1,"OTU_035",1
0,0,1,3,0.301511344577764,1,"OTU_036",1
1,1,1,7,0.447213595499958,NA,"OTU_007",NA
1,1,1,7,0.848528137423857,NA,"OTU_008",NA
1,1,1,7,0.66332495807108,NA,"OTU_038",NA
1,1,1,7,0.632455532033676,NA,"OTU_020",NA
