"s.Ficus leaves","s.Ficus wood","s.Lauraceae leaves","index","stat","p.value","taxon","q.value"
1,0,1,5,0.912870929175277,0.001,"OTU_001",0.02
1,0,1,5,0.993319898508181,0.001,"OTU_008",0.02
0,0,1,3,0.864263397068391,0.001,"OTU_016",0.02
1,0,0,1,0.707106781186548,0.001,"OTU_043",0.02
1,0,0,1,0.894427190999916,0.001,"OTU_045",0.02
0,0,1,3,0.841419961652456,0.001,"OTU_004",0.02
0,0,1,3,0.89851957913832,0.001,"OTU_002",0.02
0,0,1,3,0.861930698085343,0.002,"OTU_005",0.0254545454545455
1,0,1,5,0.807143505092627,0.002,"OTU_038",0.0254545454545455
1,0,1,5,0.816496580927726,0.002,"OTU_020",0.0254545454545455
1,0,0,1,0.84132877127939,0.002,"OTU_052",0.0254545454545455
0,1,0,2,0.763762615825973,0.003,"OTU_106",0.035
0,1,0,2,0.763762615825973,0.004,"OTU_103",0.0430769230769231
