"s.Ficus leaves - Branch","s.Ficus wood - Branch","s.Ficus wood - Trunk","s.Lauraceae leaves - Branch","index","stat","p.value","taxon","q.value"
1,0,0,1,7,0.912870929175277,0.001,"OTU_001",0.01775
1,0,0,1,7,0.988629533750042,0.001,"OTU_008",0.01775
1,0,0,0,1,0.707106781186548,0.001,"OTU_043",0.01775
1,0,0,0,1,0.894427190999916,0.001,"OTU_045",0.01775
0,0,0,1,4,0.88744819057933,0.001,"OTU_002",0.01775
0,0,1,0,3,0.825674954467424,0.001,"OTU_082",0.01775
0,0,1,0,3,0.9777254914156,0.001,"OTU_103",0.01775
0,0,1,0,3,0.898717034272917,0.001,"OTU_106",0.01775
0,0,0,1,4,0.861930698085343,0.002,"OTU_005",0.0236666666666667
0,0,0,1,4,0.829221288156724,0.002,"OTU_004",0.0236666666666667
1,0,0,1,7,0.816496580927726,0.002,"OTU_020",0.0236666666666667
1,0,0,0,1,0.827814741747162,0.002,"OTU_052",0.0236666666666667
0,0,0,1,4,0.864263397068391,0.003,"OTU_016",0.0327692307692308
