"s.Ficus leaves","s.Lauraceae leaves","index","stat","p.value","taxon","q.value"
0,1,2,0.914739653606304,0.001,"OTU_002",0.075
1,0,1,0.894427190999916,0.006,"OTU_045",0.15
0,1,2,0.864263397068391,0.007,"OTU_016",0.15
1,0,1,0.861411043293065,0.008,"OTU_052",0.15
0,1,2,0.859439563690411,0.01,"OTU_004",0.15
0,1,2,0.861930698085343,0.017,"OTU_005",0.2125
1,0,1,0.707106781186548,0.035,"OTU_043",0.375
0,1,2,0.612372435695794,0.081,"OTU_019",0.759375
0,1,2,0.5,0.169,"OTU_060",0.913125
0,1,2,0.5,0.173,"OTU_018",0.913125
0,1,2,0.5,0.193,"OTU_015",0.913125
1,0,1,0.547722557505166,0.197,"OTU_041",0.913125
1,0,1,0.547722557505166,0.212,"OTU_068",0.913125
1,0,1,0.547722557505166,0.214,"OTU_069",0.913125
1,0,1,0.547722557505166,0.221,"OTU_048",0.913125
0,1,2,0.568573532684178,0.222,"OTU_010",0.913125
0,1,2,0.544107187582509,0.256,"OTU_076",0.913125
0,1,2,0.353553390593274,0.432,"OTU_034",0.913125
0,1,2,0.353553390593274,0.432,"OTU_032",0.913125
0,1,2,0.353553390593274,0.432,"OTU_033",0.913125
0,1,2,0.353553390593274,0.432,"OTU_035",0.913125
0,1,2,0.353553390593274,0.459,"OTU_028",0.913125
1,0,1,0.447213595499958,0.461,"OTU_079",0.913125
1,0,1,0.447213595499958,0.462,"OTU_083",0.913125
1,0,1,0.447213595499958,0.467,"OTU_051",0.913125
1,0,1,0.447213595499958,0.469,"OTU_039",0.913125
1,0,1,0.447213595499958,0.469,"OTU_072",0.913125
0,1,2,0.353553390593274,0.469,"OTU_012",0.913125
0,1,2,0.353553390593274,0.47,"OTU_042",0.913125
0,1,2,0.353553390593274,0.47,"OTU_049",0.913125
0,1,2,0.353553390593274,0.47,"OTU_053",0.913125
0,1,2,0.353553390593274,0.472,"OTU_036",0.913125
0,1,2,0.353553390593274,0.473,"OTU_021",0.913125
0,1,2,0.353553390593274,0.473,"OTU_017",0.913125
0,1,2,0.353553390593274,0.473,"OTU_022",0.913125
0,1,2,0.353553390593274,0.473,"OTU_024",0.913125
0,1,2,0.353553390593274,0.473,"OTU_025",0.913125
1,0,1,0.447213595499958,0.476,"OTU_059",0.913125
1,0,1,0.447213595499958,0.481,"OTU_064",0.913125
1,0,1,0.447213595499958,0.487,"OTU_044",0.913125
1,0,1,0.447213595499958,0.528,"OTU_080",0.965853658536585
0,1,2,0.422577127364258,0.544,"OTU_026",0.971428571428572
1,0,1,0.316227766016838,1,"OTU_040",1
1,0,1,0.316227766016838,1,"OTU_046",1
1,0,1,0.316227766016838,1,"OTU_047",1
1,0,1,0.316227766016838,1,"OTU_091",1
1,0,1,0.316227766016838,1,"OTU_092",1
1,0,1,0.316227766016838,1,"OTU_093",1
1,0,1,0.316227766016838,1,"OTU_050",1
1,0,1,0.316227766016838,1,"OTU_054",1
1,0,1,0.316227766016838,1,"OTU_055",1
1,0,1,0.316227766016838,1,"OTU_056",1
1,0,1,0.316227766016838,1,"OTU_057",1
1,0,1,0.316227766016838,1,"OTU_058",1
1,0,1,0.316227766016838,1,"OTU_061",1
1,0,1,0.316227766016838,1,"OTU_062",1
1,0,1,0.316227766016838,1,"OTU_063",1
1,0,1,0.316227766016838,1,"OTU_065",1
1,0,1,0.316227766016838,1,"OTU_066",1
1,0,1,0.316227766016838,1,"OTU_070",1
1,0,1,0.316227766016838,1,"OTU_071",1
1,0,1,0.316227766016838,1,"OTU_073",1
1,0,1,0.316227766016838,1,"OTU_074",1
1,0,1,0.316227766016838,1,"OTU_075",1
1,0,1,0.316227766016838,1,"OTU_077",1
1,0,1,0.316227766016838,1,"OTU_078",1
1,0,1,0.316227766016838,1,"OTU_081",1
1,0,1,0.316227766016838,1,"OTU_082",1
1,0,1,0.316227766016838,1,"OTU_084",1
1,0,1,0.316227766016838,1,"OTU_085",1
1,0,1,0.316227766016838,1,"OTU_086",1
1,0,1,0.316227766016838,1,"OTU_087",1
1,0,1,0.316227766016838,1,"OTU_088",1
1,0,1,0.316227766016838,1,"OTU_089",1
1,0,1,0.316227766016838,1,"OTU_090",1
1,1,3,0.912870929175277,NA,"OTU_001",NA
1,1,3,0.408248290463863,NA,"OTU_006",NA
1,1,3,0.52704627669473,NA,"OTU_007",NA
1,1,3,1,NA,"OTU_008",NA
1,1,3,0.623609564462324,NA,"OTU_027",NA
1,1,3,0.333333333333333,NA,"OTU_029",NA
1,1,3,0.816496580927726,NA,"OTU_038",NA
1,1,3,0.471404520791032,NA,"OTU_003",NA
1,1,3,0.816496580927726,NA,"OTU_020",NA
1,1,3,0.333333333333333,NA,"OTU_030",NA
1,1,3,0.408248290463863,NA,"OTU_031",NA
1,1,3,0.471404520791032,NA,"OTU_009",NA
1,1,3,0.471404520791032,NA,"OTU_037",NA
1,1,3,0.333333333333333,NA,"OTU_067",NA
1,1,3,0.52704627669473,NA,"OTU_013",NA
1,1,3,0.333333333333333,NA,"OTU_014",NA
1,1,3,0.333333333333333,NA,"OTU_023",NA
1,1,3,0.333333333333333,NA,"OTU_011",NA
