"s.Ficus leaves - E","s.Ficus leaves - N","s.Ficus leaves - S","s.Ficus leaves - W","s.Ficus wood - E","s.Ficus wood - N","s.Ficus wood - S","s.Ficus wood - W","s.Lauraceae leaves - E","s.Lauraceae leaves - N","s.Lauraceae leaves - NW","index","stat","p.value","taxon","q.value"
1,1,1,1,0,0,0,0,0,1,1,1044,0.985814884202654,0.002,"OTU_008",0.1815
0,1,1,0,0,0,0,0,0,1,1,379,0.957938964038696,0.003,"OTU_001",0.1815
0,1,1,0,0,0,0,0,1,1,1,827,0.945145622715864,0.013,"OTU_005",0.5082
0,0,1,0,0,0,0,1,0,1,1,490,0.912870929175277,0.019,"OTU_002",0.5082
0,0,1,0,0,0,0,0,0,0,0,3,1,0.021,"OTU_079",0.5082
1,1,1,1,0,0,0,0,0,0,0,232,0.881917103688197,0.028,"OTU_045",0.564666666666667
1,0,0,0,0,0,0,0,0,0,0,1,0.904534033733291,0.041,"OTU_048",0.708714285714286
0,1,0,0,0,0,1,0,0,1,1,431,0.866025403784439,0.059,"OTU_004",0.7335625
0,0,0,0,1,1,0,1,0,0,0,198,0.852802865422442,0.072,"OTU_080",0.7335625
0,1,0,0,0,0,0,0,0,0,0,2,0.866025403784439,0.075,"OTU_043",0.7335625
0,0,1,0,0,0,0,0,0,0,0,3,0.866025403784439,0.084,"OTU_041",0.7335625
0,0,0,0,0,0,0,0,0,1,1,66,0.857321409974112,0.086,"OTU_016",0.7335625
1,0,1,0,0,0,0,0,0,0,0,13,0.866025403784439,0.087,"OTU_069",0.7335625
0,0,0,0,0,1,0,0,0,0,0,6,1,0.097,"OTU_104",0.7335625
0,0,0,0,0,1,0,0,0,0,0,6,1,0.097,"OTU_108",0.7335625
0,0,0,0,0,1,0,0,0,0,0,6,1,0.097,"OTU_109",0.7335625
0,0,0,0,0,1,1,0,0,0,0,52,0.816496580927726,0.145,"OTU_106",0.873560975609756
0,0,0,1,0,0,0,0,0,0,0,4,0.816496580927726,0.146,"OTU_051",0.873560975609756
0,0,0,0,0,1,0,1,0,0,0,53,0.816496580927726,0.184,"OTU_099",0.873560975609756
0,0,0,0,0,1,0,0,0,0,0,6,0.816496580927726,0.197,"OTU_103",0.873560975609756
0,0,0,0,0,0,0,0,0,0,1,11,0.769483764063866,0.202,"OTU_010",0.873560975609756
0,0,0,0,0,1,0,0,0,0,0,6,0.816496580927726,0.212,"OTU_105",0.873560975609756
0,1,1,0,1,0,0,0,1,0,0,362,0.755928946018454,0.227,"OTU_037",0.873560975609756
0,0,0,0,1,1,0,1,0,0,0,198,0.774596669241483,0.253,"OTU_107",0.873560975609756
1,1,1,0,0,0,0,0,0,0,0,67,0.809776330178916,0.292,"OTU_020",0.873560975609756
1,1,1,1,0,0,1,0,0,0,0,564,0.781606736734715,0.328,"OTU_052",0.873560975609756
0,0,0,0,1,0,0,1,0,0,0,48,0.734846922834953,0.343,"OTU_031",0.873560975609756
1,0,1,0,0,0,0,0,0,0,0,13,0.738548945875996,0.359,"OTU_013",0.873560975609756
0,0,1,0,0,0,0,1,0,0,0,35,0.707106781186548,0.414,"OTU_082",0.873560975609756
1,0,0,0,0,0,0,1,0,0,0,18,0.707106781186548,0.414,"OTU_083",0.873560975609756
0,0,0,0,0,0,0,0,0,1,0,10,0.707106781186548,0.418,"OTU_018",0.873560975609756
1,1,0,0,0,0,0,0,0,0,0,12,0.707106781186548,0.432,"OTU_064",0.873560975609756
0,0,0,0,1,0,1,0,0,0,0,47,0.707106781186548,0.436,"OTU_115",0.873560975609756
0,0,0,0,0,0,1,1,0,0,0,57,0.707106781186548,0.438,"OTU_095",0.873560975609756
0,1,1,0,0,0,0,0,0,0,1,119,0.707106781186548,0.447,"OTU_009",0.873560975609756
0,0,0,0,0,0,0,0,0,1,0,10,0.707106781186548,0.449,"OTU_015",0.873560975609756
1,0,1,0,0,0,0,0,0,0,0,13,0.707106781186548,0.46,"OTU_072",0.873560975609756
1,0,0,0,0,0,0,0,0,0,1,21,0.707106781186548,0.461,"OTU_026",0.873560975609756
0,0,0,0,1,0,0,0,0,0,0,5,0.707106781186548,0.506,"OTU_122",0.873560975609756
0,0,0,0,1,0,0,0,0,0,0,5,0.707106781186548,0.506,"OTU_123",0.873560975609756
0,0,0,0,1,0,0,0,0,0,0,5,0.707106781186548,0.506,"OTU_124",0.873560975609756
0,0,0,0,1,0,0,0,0,0,0,5,0.707106781186548,0.506,"OTU_125",0.873560975609756
0,0,0,0,1,0,0,0,0,0,0,5,0.707106781186548,0.506,"OTU_126",0.873560975609756
0,0,0,0,1,0,0,0,0,0,0,5,0.707106781186548,0.506,"OTU_127",0.873560975609756
1,0,0,0,0,0,0,0,0,0,0,1,0.707106781186548,0.533,"OTU_084",0.873560975609756
1,0,0,0,0,0,0,0,0,0,0,1,0.707106781186548,0.533,"OTU_085",0.873560975609756
1,0,0,0,0,0,0,0,0,0,0,1,0.707106781186548,0.533,"OTU_086",0.873560975609756
1,0,0,0,0,0,0,0,0,0,0,1,0.707106781186548,0.533,"OTU_087",0.873560975609756
0,0,0,0,0,0,0,1,0,0,0,8,0.707106781186548,0.54,"OTU_100",0.873560975609756
0,0,0,0,0,0,0,1,0,0,0,8,0.707106781186548,0.54,"OTU_101",0.873560975609756
0,0,0,0,0,0,0,1,0,0,0,8,0.707106781186548,0.54,"OTU_102",0.873560975609756
0,0,0,0,0,0,0,1,0,0,0,8,0.707106781186548,0.54,"OTU_110",0.873560975609756
0,0,0,0,0,0,0,1,0,0,0,8,0.707106781186548,0.54,"OTU_111",0.873560975609756
0,0,0,0,0,0,0,1,0,0,0,8,0.707106781186548,0.54,"OTU_112",0.873560975609756
0,0,0,0,0,0,0,1,0,0,0,8,0.707106781186548,0.54,"OTU_113",0.873560975609756
0,0,0,0,0,0,0,1,0,0,0,8,0.707106781186548,0.54,"OTU_119",0.873560975609756
0,0,0,1,1,0,0,0,0,0,0,39,0.632455532033676,0.545,"OTU_058",0.873560975609756
0,1,0,0,0,0,0,0,0,0,0,2,0.707106781186548,0.552,"OTU_066",0.873560975609756
0,1,0,0,0,0,0,0,0,0,0,2,0.707106781186548,0.552,"OTU_068",0.873560975609756
0,0,0,0,0,0,1,0,0,0,0,7,0.707106781186548,0.557,"OTU_120",0.873560975609756
0,0,0,0,0,0,1,0,0,0,0,7,0.707106781186548,0.557,"OTU_121",0.873560975609756
0,0,1,0,0,0,0,0,0,0,0,3,0.707106781186548,0.559,"OTU_075",0.873560975609756
0,0,1,0,0,0,0,0,0,0,0,3,0.707106781186548,0.559,"OTU_077",0.873560975609756
0,0,1,0,0,0,0,0,0,0,0,3,0.707106781186548,0.559,"OTU_078",0.873560975609756
0,1,0,0,0,0,0,0,0,0,0,2,0.707106781186548,0.56,"OTU_061",0.873560975609756
0,1,0,0,0,0,0,0,0,0,0,2,0.707106781186548,0.56,"OTU_062",0.873560975609756
0,1,0,0,0,0,0,0,0,0,0,2,0.707106781186548,0.56,"OTU_063",0.873560975609756
0,1,0,0,0,0,0,0,0,0,0,2,0.707106781186548,0.56,"OTU_065",0.873560975609756
1,1,1,1,0,0,0,1,0,0,1,1041,0.776964954603755,0.567,"OTU_038",0.873560975609756
0,0,0,0,0,0,0,1,0,0,0,8,0.707106781186548,0.569,"OTU_094",0.873560975609756
0,0,0,0,0,0,0,1,0,0,0,8,0.707106781186548,0.569,"OTU_096",0.873560975609756
0,0,0,0,0,0,0,1,0,0,0,8,0.707106781186548,0.569,"OTU_097",0.873560975609756
0,0,0,0,0,0,0,1,0,0,0,8,0.707106781186548,0.569,"OTU_098",0.873560975609756
1,0,0,0,0,0,0,0,0,0,0,1,0.707106781186548,0.571,"OTU_070",0.873560975609756
1,0,0,0,0,0,0,0,0,0,0,1,0.707106781186548,0.571,"OTU_071",0.873560975609756
1,0,0,0,0,0,0,0,0,0,0,1,0.707106781186548,0.571,"OTU_073",0.873560975609756
1,0,0,0,0,0,0,0,0,0,0,1,0.707106781186548,0.571,"OTU_074",0.873560975609756
0,0,1,0,0,0,0,0,0,0,0,3,0.707106781186548,0.575,"OTU_081",0.873560975609756
0,0,0,0,1,0,0,0,0,0,0,5,0.707106781186548,0.592,"OTU_114",0.873560975609756
0,0,0,0,1,0,0,0,0,0,0,5,0.707106781186548,0.592,"OTU_116",0.873560975609756
0,0,0,0,1,0,0,0,0,0,0,5,0.707106781186548,0.592,"OTU_117",0.873560975609756
0,0,0,0,1,0,0,0,0,0,0,5,0.707106781186548,0.592,"OTU_118",0.873560975609756
0,0,0,1,0,0,0,0,0,0,0,4,0.577350269189626,0.664,"OTU_050",0.899776595744681
0,0,0,1,0,0,0,0,0,0,0,4,0.577350269189626,0.664,"OTU_054",0.899776595744681
0,0,0,1,0,0,0,0,0,0,0,4,0.577350269189626,0.664,"OTU_055",0.899776595744681
0,0,0,1,0,0,0,0,0,0,0,4,0.577350269189626,0.664,"OTU_056",0.899776595744681
0,0,0,1,0,0,0,0,0,0,0,4,0.577350269189626,0.664,"OTU_057",0.899776595744681
0,0,0,1,0,0,0,0,0,0,0,4,0.577350269189626,0.664,"OTU_059",0.899776595744681
0,0,1,1,1,0,0,0,0,0,1,441,0.674199862463242,0.665,"OTU_007",0.899776595744681
0,0,0,1,0,0,0,0,0,0,0,4,0.577350269189626,0.691,"OTU_040",0.899776595744681
0,0,0,1,0,0,0,0,0,0,0,4,0.577350269189626,0.691,"OTU_046",0.899776595744681
0,0,0,1,0,0,0,0,0,0,0,4,0.577350269189626,0.691,"OTU_047",0.899776595744681
0,1,0,1,0,0,0,0,0,0,0,23,0.632455532033676,0.696,"OTU_044",0.899776595744681
1,1,0,1,0,0,0,0,0,1,0,245,0.674199862463242,0.699,"OTU_027",0.899776595744681
0,0,1,1,0,0,0,0,0,0,0,31,0.632455532033676,0.709,"OTU_039",0.903042105263158
0,0,1,0,0,0,0,0,0,1,1,175,0.632455532033676,0.758,"OTU_076",0.947010204081633
0,0,0,0,1,0,0,1,0,0,0,48,0.632455532033676,0.766,"OTU_021",0.947010204081633
0,0,0,0,0,0,0,0,0,1,1,66,0.612372435695794,0.767,"OTU_019",0.947010204081633
0,1,0,0,0,0,0,0,0,0,1,30,0.577350269189626,0.863,"OTU_067",1
1,0,0,0,0,0,0,0,0,0,0,1,0.577350269189626,0.871,"OTU_014",1
1,0,0,0,0,0,0,0,0,0,0,1,0.577350269189626,0.871,"OTU_023",1
1,0,0,0,0,0,0,0,0,0,1,21,0.577350269189626,0.874,"OTU_011",1
0,0,0,1,0,0,0,1,0,0,1,193,0.577350269189626,0.881,"OTU_006",1
0,0,0,1,0,0,0,0,0,1,0,44,0.534522483824849,0.954,"OTU_029",1
0,0,1,0,0,0,0,0,0,1,1,175,0.547722557505166,0.983,"OTU_003",1
0,0,0,0,0,0,0,0,0,0,1,11,0.5,1,"OTU_030",1
0,0,0,0,0,0,0,0,0,0,1,11,0.5,1,"OTU_042",1
0,0,0,0,0,0,0,0,0,0,1,11,0.5,1,"OTU_049",1
0,0,0,0,0,0,0,0,0,0,1,11,0.5,1,"OTU_053",1
0,0,0,0,0,0,0,0,0,1,1,66,0.5,1,"OTU_060",1
0,0,0,0,0,0,0,0,0,0,1,11,0.5,1,"OTU_012",1
0,0,0,0,0,0,0,0,0,1,0,10,0.5,1,"OTU_017",1
0,0,0,0,0,0,0,0,0,1,0,10,0.5,1,"OTU_022",1
0,0,0,0,0,0,0,0,0,1,0,10,0.5,1,"OTU_024",1
0,0,0,0,0,0,0,0,0,1,0,10,0.5,1,"OTU_025",1
0,0,0,0,0,0,0,0,0,1,0,10,0.5,1,"OTU_028",1
0,0,0,0,0,0,0,0,0,1,0,10,0.5,1,"OTU_032",1
0,0,0,0,0,0,0,0,0,1,0,10,0.5,1,"OTU_033",1
0,0,0,0,0,0,0,0,0,1,0,10,0.5,1,"OTU_034",1
0,0,0,0,0,0,0,0,0,1,0,10,0.5,1,"OTU_035",1
0,0,0,0,0,0,0,0,0,0,1,11,0.5,1,"OTU_036",1
