"s.Ficus leaves - Branch","s.Ficus wood - Branch","s.Ficus wood - Trunk","s.Lauraceae leaves - Branch","index","stat","p.value","taxon","q.value"
1,0,0,1,7,0.912870929175277,0.001,"OTU_001",0.01775
1,0,0,1,7,0.988629533750042,0.001,"OTU_008",0.01775
1,0,0,0,1,0.707106781186548,0.001,"OTU_043",0.01775
1,0,0,0,1,0.894427190999916,0.001,"OTU_045",0.01775
0,0,0,1,4,0.88744819057933,0.001,"OTU_002",0.01775
0,0,1,0,3,0.825674954467424,0.001,"OTU_082",0.01775
0,0,1,0,3,0.9777254914156,0.001,"OTU_103",0.01775
0,0,1,0,3,0.898717034272917,0.001,"OTU_106",0.01775
0,0,0,1,4,0.861930698085343,0.002,"OTU_005",0.0236666666666667
0,0,0,1,4,0.829221288156724,0.002,"OTU_004",0.0236666666666667
1,0,0,1,7,0.816496580927726,0.002,"OTU_020",0.0236666666666667
1,0,0,0,1,0.827814741747162,0.002,"OTU_052",0.0236666666666667
0,0,0,1,4,0.864263397068391,0.003,"OTU_016",0.0327692307692308
1,0,0,1,7,0.800656151025015,0.007,"OTU_038",0.071
0,0,1,0,3,0.632455532033676,0.023,"OTU_134",0.204125
0,1,1,0,8,0.645497224367903,0.023,"OTU_107",0.204125
0,0,0,1,4,0.612372435695794,0.026,"OTU_019",0.217176470588235
0,0,1,0,3,0.632455532033676,0.029,"OTU_137",0.228777777777778
0,1,0,0,2,0.660178272203492,0.043,"OTU_080",0.321368421052632
1,0,0,1,7,0.623609564462324,0.057,"OTU_027",0.385428571428571
0,1,0,0,2,0.534522483824849,0.057,"OTU_095",0.385428571428571
0,1,0,0,2,0.534522483824849,0.064,"OTU_099",0.413090909090909
1,0,0,0,1,0.547722557505166,0.07,"OTU_068",0.432173913043478
0,1,0,0,2,0.534522483824849,0.078,"OTU_115",0.44872
0,0,0,1,4,0.568573532684178,0.079,"OTU_010",0.44872
1,0,0,0,1,0.547722557505166,0.089,"OTU_048",0.471642857142857
1,0,0,0,1,0.547722557505166,0.092,"OTU_069",0.471642857142857
1,0,0,0,1,0.547722557505166,0.093,"OTU_041",0.471642857142857
0,0,0,1,4,0.544107187582509,0.101,"OTU_076",0.494551724137931
0,1,1,0,8,0.5,0.125,"OTU_105",0.561826086956522
0,0,0,1,4,0.5,0.126,"OTU_060",0.561826086956522
0,0,0,1,4,0.5,0.13,"OTU_018",0.561826086956522
0,0,0,1,4,0.5,0.147,"OTU_015",0.561826086956522
0,0,1,0,3,0.447213595499958,0.151,"OTU_131",0.561826086956522
0,0,1,0,3,0.447213595499958,0.151,"OTU_132",0.561826086956522
0,0,1,0,3,0.447213595499958,0.151,"OTU_133",0.561826086956522
0,0,1,0,3,0.447213595499958,0.162,"OTU_141",0.561826086956522
0,0,1,0,3,0.447213595499958,0.162,"OTU_142",0.561826086956522
0,0,1,0,3,0.447213595499958,0.169,"OTU_128",0.561826086956522
0,0,1,0,3,0.447213595499958,0.169,"OTU_129",0.561826086956522
0,0,1,0,3,0.447213595499958,0.169,"OTU_130",0.561826086956522
0,0,1,0,3,0.447213595499958,0.178,"OTU_138",0.561826086956522
0,0,1,0,3,0.447213595499958,0.178,"OTU_139",0.561826086956522
0,0,1,0,3,0.447213595499958,0.178,"OTU_140",0.561826086956522
0,0,1,0,3,0.447213595499958,0.182,"OTU_135",0.561826086956522
0,0,1,0,3,0.447213595499958,0.182,"OTU_136",0.561826086956522
1,0,0,1,7,0.52704627669473,0.213,"OTU_013",0.643531914893617
1,0,0,0,1,0.447213595499958,0.219,"OTU_079",0.647875
1,0,0,0,1,0.447213595499958,0.231,"OTU_044",0.651529411764706
1,0,0,0,1,0.447213595499958,0.233,"OTU_039",0.651529411764706
1,0,0,0,1,0.447213595499958,0.234,"OTU_051",0.651529411764706
1,0,0,0,1,0.447213595499958,0.251,"OTU_064",0.685423076923077
1,0,0,0,1,0.447213595499958,0.262,"OTU_072",0.701962264150943
1,0,0,0,1,0.447213595499958,0.271,"OTU_059",0.708309523809524
0,1,1,0,8,0.408248290463863,0.312,"OTU_120",0.708309523809524
0,1,1,0,8,0.408248290463863,0.315,"OTU_124",0.708309523809524
0,1,0,1,9,0.447213595499958,0.362,"OTU_021",0.708309523809524
0,1,0,0,2,0.377964473009227,0.366,"OTU_094",0.708309523809524
0,1,0,0,2,0.377964473009227,0.366,"OTU_096",0.708309523809524
0,1,0,0,2,0.377964473009227,0.366,"OTU_097",0.708309523809524
0,1,0,0,2,0.377964473009227,0.366,"OTU_098",0.708309523809524
1,0,0,1,7,0.471404520791032,0.379,"OTU_003",0.708309523809524
0,1,0,0,2,0.377964473009227,0.385,"OTU_104",0.708309523809524
0,1,0,0,2,0.377964473009227,0.385,"OTU_108",0.708309523809524
0,1,0,0,2,0.377964473009227,0.385,"OTU_109",0.708309523809524
0,1,0,0,2,0.377964473009227,0.391,"OTU_100",0.708309523809524
0,1,0,0,2,0.377964473009227,0.391,"OTU_101",0.708309523809524
0,1,0,0,2,0.377964473009227,0.391,"OTU_102",0.708309523809524
0,1,0,0,2,0.377964473009227,0.391,"OTU_110",0.708309523809524
0,1,0,0,2,0.377964473009227,0.391,"OTU_111",0.708309523809524
0,1,0,0,2,0.377964473009227,0.391,"OTU_112",0.708309523809524
0,1,0,0,2,0.377964473009227,0.391,"OTU_113",0.708309523809524
0,1,0,0,2,0.377964473009227,0.391,"OTU_119",0.708309523809524
1,0,0,1,7,0.471404520791032,0.402,"OTU_009",0.708309523809524
0,1,0,0,2,0.377964473009227,0.409,"OTU_122",0.708309523809524
0,1,0,0,2,0.377964473009227,0.409,"OTU_123",0.708309523809524
0,1,0,0,2,0.377964473009227,0.409,"OTU_125",0.708309523809524
0,1,0,0,2,0.377964473009227,0.409,"OTU_126",0.708309523809524
0,1,0,0,2,0.377964473009227,0.409,"OTU_127",0.708309523809524
0,1,0,0,2,0.377964473009227,0.411,"OTU_121",0.708309523809524
0,1,0,0,2,0.377964473009227,0.419,"OTU_114",0.708309523809524
0,1,0,0,2,0.377964473009227,0.419,"OTU_116",0.708309523809524
0,1,0,0,2,0.377964473009227,0.419,"OTU_117",0.708309523809524
0,1,0,0,2,0.377964473009227,0.419,"OTU_118",0.708309523809524
0,0,0,1,4,0.422577127364258,0.434,"OTU_026",0.725035294117647
0,0,1,1,10,0.392232270276368,0.469,"OTU_034",0.774395348837209
1,1,0,0,5,0.420084025208403,0.51,"OTU_083",0.832413793103448
1,1,0,1,12,0.489897948556636,0.639,"OTU_007",0.97009900990099
0,0,0,1,4,0.353553390593274,0.645,"OTU_042",0.97009900990099
0,0,0,1,4,0.353553390593274,0.645,"OTU_049",0.97009900990099
0,0,0,1,4,0.353553390593274,0.645,"OTU_053",0.97009900990099
0,0,0,1,4,0.353553390593274,0.658,"OTU_028",0.97009900990099
0,0,0,1,4,0.353553390593274,0.663,"OTU_017",0.97009900990099
0,0,0,1,4,0.353553390593274,0.663,"OTU_022",0.97009900990099
0,0,0,1,4,0.353553390593274,0.663,"OTU_024",0.97009900990099
0,0,0,1,4,0.353553390593274,0.663,"OTU_025",0.97009900990099
0,0,0,1,4,0.353553390593274,0.677,"OTU_012",0.97009900990099
0,0,0,1,4,0.353553390593274,0.682,"OTU_036",0.97009900990099
0,0,0,1,4,0.353553390593274,0.69,"OTU_032",0.97009900990099
0,0,0,1,4,0.353553390593274,0.69,"OTU_033",0.97009900990099
0,0,0,1,4,0.353553390593274,0.69,"OTU_035",0.97009900990099
1,1,1,0,11,0.490275228511327,0.758,"OTU_031",1
1,1,0,1,12,0.447213595499958,0.786,"OTU_037",1
1,1,0,0,5,0.342997170285018,0.816,"OTU_058",1
1,1,0,1,12,0.4,0.881,"OTU_006",1
1,0,0,1,7,0.333333333333333,1,"OTU_029",1
1,0,0,0,1,0.316227766016838,1,"OTU_040",1
1,0,0,0,1,0.316227766016838,1,"OTU_046",1
1,0,0,0,1,0.316227766016838,1,"OTU_047",1
1,0,0,1,7,0.333333333333333,1,"OTU_030",1
1,0,0,0,1,0.316227766016838,1,"OTU_091",1
1,0,0,0,1,0.316227766016838,1,"OTU_092",1
1,0,0,0,1,0.316227766016838,1,"OTU_093",1
1,0,0,0,1,0.316227766016838,1,"OTU_050",1
1,0,0,0,1,0.316227766016838,1,"OTU_054",1
1,0,0,0,1,0.316227766016838,1,"OTU_055",1
1,0,0,0,1,0.316227766016838,1,"OTU_056",1
1,0,0,0,1,0.316227766016838,1,"OTU_057",1
1,0,0,0,1,0.316227766016838,1,"OTU_061",1
1,0,0,0,1,0.316227766016838,1,"OTU_062",1
1,0,0,0,1,0.316227766016838,1,"OTU_063",1
1,0,0,0,1,0.316227766016838,1,"OTU_065",1
1,0,0,0,1,0.316227766016838,1,"OTU_066",1
1,0,0,1,7,0.333333333333333,1,"OTU_067",1
1,0,0,1,7,0.333333333333333,1,"OTU_014",1
1,0,0,1,7,0.333333333333333,1,"OTU_023",1
1,0,0,0,1,0.316227766016838,1,"OTU_070",1
1,0,0,0,1,0.316227766016838,1,"OTU_071",1
1,0,0,0,1,0.316227766016838,1,"OTU_073",1
1,0,0,0,1,0.316227766016838,1,"OTU_074",1
1,0,0,0,1,0.316227766016838,1,"OTU_075",1
1,0,0,0,1,0.316227766016838,1,"OTU_077",1
1,0,0,0,1,0.316227766016838,1,"OTU_078",1
1,0,0,0,1,0.316227766016838,1,"OTU_081",1
1,0,0,1,7,0.333333333333333,1,"OTU_011",1
1,0,0,0,1,0.316227766016838,1,"OTU_084",1
1,0,0,0,1,0.316227766016838,1,"OTU_085",1
1,0,0,0,1,0.316227766016838,1,"OTU_086",1
1,0,0,0,1,0.316227766016838,1,"OTU_087",1
1,0,0,0,1,0.316227766016838,1,"OTU_088",1
1,0,0,0,1,0.316227766016838,1,"OTU_089",1
1,0,0,0,1,0.316227766016838,1,"OTU_090",1
